Predicted_Class,Prediction_Probability
H,6.69479998316142e-10
H,3.511632572298708e-11
H,1.1778418541379742e-09
H,8.7364481300537e-12
H,1.5112456195221892e-15
H,6.582504167053631e-13
H,5.481474497824853e-09
H,1.4025182744972054e-09
H,4.4445789474045845e-10
H,5.391780635652889e-09
H,2.097046598369533e-09
H,1.5325061055972794e-11
H,3.361014889579697e-08
H,1.689902005755102e-11
H,5.019152085028576e-08
H,4.361475644658484e-12
H,1.6367533738874968e-12
H,6.229077501294018e-11
H,3.649280627788308e-06
H,5.605774804566822e-11
H,8.637829570075883e-11
H,9.108669814889455e-07
H,7.02142831196368e-08
H,9.054516518998605e-10
H,1.1660227586705979e-11
H,3.976281767888209e-11
H,1.2544571176387684e-11
H,1.6261113338710386e-06
H,4.0291972582324156e-12
H,1.2654049290172013e-11
H,3.1549106652203895e-10
H,3.0240431319435483e-10
H,8.166085899537535e-12
H,8.559599717689744e-12
H,2.3705504073950476e-09
H,2.978982729955305e-12
H,5.643938405173349e-11
H,5.815145196229142e-05
H,7.435925267681726e-11
H,4.4057191807567166e-11
H,1.740639486859329e-08
