Prediction_Probability,Predicted_Class,Risk_Category
6.694799983161515e-10,H,Low Risk
3.5116325722989074e-11,H,Low Risk
1.1778418541380243e-09,H,Low Risk
8.73644813005401e-12,H,Low Risk
1.511245619522318e-15,H,Low Risk
6.582504167053818e-13,H,Low Risk
5.481474497824814e-09,H,Low Risk
1.4025182744972701e-09,H,Low Risk
4.444578947404648e-10,H,Low Risk
5.39178063565287e-09,H,Low Risk
2.097046598369563e-09,H,Low Risk
1.5325061055973502e-11,H,Low Risk
3.361014889579781e-08,H,Low Risk
1.6899020057551622e-11,H,Low Risk
5.0191520850286834e-08,H,Low Risk
4.361475644658546e-12,H,Low Risk
1.6367533738875491e-12,H,Low Risk
6.229077501294151e-11,H,Low Risk
3.649280627788198e-06,H,Low Risk
5.6057748045671004e-11,H,Low Risk
8.637829570076283e-11,H,Low Risk
9.108669814889374e-07,H,Low Risk
7.02142831196373e-08,H,Low Risk
9.054516518998927e-10,H,Low Risk
1.1660227586706685e-11,H,Low Risk
3.976281767888378e-11,H,Low Risk
1.2544571176388175e-11,H,Low Risk
1.626111333871027e-06,H,Low Risk
4.029197258232617e-12,H,Low Risk
1.2654049290172509e-11,H,Low Risk
3.15491066522049e-10,H,Low Risk
3.024043131943688e-10,H,Low Risk
8.166085899537826e-12,H,Low Risk
8.55959971769014e-12,H,Low Risk
2.3705504073950815e-09,H,Low Risk
2.9789827299554e-12,H,Low Risk
5.64393840517363e-11,H,Low Risk
5.815145196229163e-05,H,Low Risk
7.43592526768199e-11,H,Low Risk
4.405719180756888e-11,H,Low Risk
1.740639486859317e-08,H,Low Risk
